Categorie;Nom;Marque;Caracteristiques;Prix en euro;Quantité disponible
electromenager;robot culinaire;kitchenaid;capacité 15 500w;89.99;15
electromenager;machine café;philips;programmable 12 1000w;79.99;20
electromenager;aspirateur sac;dyson;puissance 1800w capacité 2l;129.99;10
electromenager;lavevaisselle;bosch;12 couverts classe;399.99;5
electromenager;mixer blender;moulinex;600w 5 vitesses;49.99;30
electromenager;fer repasser;tefal;vapeur continue 2400w;34.99;25
electromenager;machine pain;panasonic;12 programmes 800w;59.99;15
electromenager;balai électrique;rowenta;fil 25 minutes autonomie;79.99;10
electromenager;four microondes;samsung;capacité 20l 800w;89.99;15
electromenager;machine glaçons;frigidaire;12 kgjour capacité 2l;149.99;5
electromenager;cafetière dosettes;krups;12 1200w;69.99;20
electromenager;cuiseur vapeur;seb;3 paniers 900w;59.99;10
electromenager;centrale vapeur;philips;6 bars débit vapeur 120gmin;199.99;8
electromenager;grillepain;moulinex;2 fentes 7 niveaux brunissage;29.99;25
electromenager;bouilloire électrique;bosch;capacité 17 2200w;19.99;30
electromenager;extracteur jus;kenwood;puissance 800w capacité 1l;89.99;15
electromenager;machine glace;cuisinart;15 135w;199.99;5
electromenager;blender chauffant;moulinex;15 1000w;79.99;15
electromenager;gaufrier;tefal;plaques antiadhésives;39.99;20
electromenager;nettoyeur vapeur;kärcher;pression 4 bars 1500w;129.99;10
electromenager;sorbetière;magimix;capacité 15l 30w;49.99;15
electromenager;machine pâtes;marcato;9 formes pâtes 200w;59.99;10
electromenager;mixeur plongeant;braun;800w variateur vitesse;39.99;20
electromenager;robot pâtissier;kenwood;5l 1000w;149.99;8
electromenager;déshumidificateur;pro breeze;capacité 12ljour 230w;169.99;5
electromenager;machine yaourt;lagrange;7 pots 13w;34.99;15
electromenager;friteuse électrique;tefal;capacité 3l 2000w;49.99;10
electromenager;grill électrique;russell hobbs;surface 30x20 cm 2000w;69.99;15
electromenager;trancheuse électrique;krups;lame 19 cm 150w;79.99;10
electromenager;sorbetière électrique;girmi;capacité 15l 15w;29.99;20
electromenager;plancha électrique;lagrange;surface 50x25 cm 2000w;89.99;8
electromenager;yaourtière électrique;seb;7 pots 13w;29.99;15
electromenager;machine hotdog;ariete;2 saucisses 200w;39.99;10
electromenager;machine popcorn;severin;capacité 100g 1200w;29.99;15
electromenager;cuiseur riz;reishunger;capacité 1l 400w;24.99;20
electromenager;machine glace italienne;hkoenig;15l 30w;49.99;10
electromenager;machine barbe papa;gadgy;500w;39.99;15
electromenager;machine soda;sodastream;1l gazéification automatique;89.99;10
electromenager;machine café espresso;delonghi;pression 15 bars 1200w;249.99;5
electromenager;presseagrumes électrique;bosch;100w;19.99;20
electromenager;machine milkshake;lacor;500 ml 100w;29.99;15
electromenager;machine smoothie;nutribullet;15 500w;39.99;10
electromenager;raclette grill;tefal;8 1000w;59.99;15
electromenager;gaufrier belge;krups;plaques amovibles;49.99;10
electromenager;cuiseur œufs;severin;capacité 7 œufs 300w;19.99;20
electromenager;yaourtière;severin;12 pots 18w;39.99;15
electromenager;machine donuts;gadgy;6 donuts 700w;29.99;10
electromenager;machine crème glacée;cuisinart;15l 25w;59.99;15
electromenager;appareil hotdog;ariete;4 saucisses 500w;29.99;10
electromenager;four pizza;g3ferrari;pierre réfractaire 1200w;89.99;10
electromenager;barbecue électrique;weber;surface 30x30 cm 2000w;79.99;15
electromenager;machine thé;riviera bar;programmable 15l 1500w;69.99;10
téléphonie;iphone 13 pro max;apple;écran oled 67 pouces triple caméra 12 mp puce a15 bionic;1299.0;20
téléphonie;samsung galaxy s21 ultra;samsung;écran amoled 68 pouces quadruple caméra 108 mp exynos 2100;1199.0;15
téléphonie;google pixel 6 pro;google;écran oled 67 pouces double caméra 50 mp snapdragon 888;999.0;10
téléphonie;oneplus 9 pro;oneplus;écran fluid amoled 67 pouces triple caméra 48 mp snapdragon 888;899.0;20
téléphonie;xiaomi mi 11 ultra;xiaomi;écran amoled 681 pouces triple caméra 50 mp snapdragon 888;1099.0;10
téléphonie;iphone 13;apple;écran oled 61 pouces double caméra 12 mp puce a15 bionic;899.0;25
téléphonie;samsung galaxy z fold 3;samsung;écran amoled 76 pouces pliable triple caméra 12 mp snapdragon 888;1799.0;5
téléphonie;google pixel 5;google;écran oled 6 pouces double caméra 122 mp snapdragon 765g;699.0;30
téléphonie;oneplus 9;oneplus;écran fluid amoled 655 pouces triple caméra 48 mp snapdragon 888;799.0;15
téléphonie;xiaomi mi 11;xiaomi;écran amoled 681 pouces triple caméra 108 mp snapdragon 888;799.0;20
téléphonie;iphone se 2020;apple;écran retina hd 47 pouces caméra 12 mp puce a13 bionic;399.0;20
téléphonie;samsung galaxy s20 fe;samsung;écran super amoled 65 pouces triple caméra 12 mp exynos 990;599.0;25
téléphonie;google pixel 4a;google;écran oled 581 pouces caméra 122 mp snapdragon 730g;349.0;30
téléphonie;oneplus nord 2;oneplus;écran amoled 643 pouces triple caméra 50 mp dimensity 1200;499.0;20
téléphonie;xiaomi redmi note 11 pro;xiaomi;écran amoled 667 pouces quadruple caméra 108 mp dimensity 920;449.0;25
téléphonie;iphone 12 mini;apple;écran oled 54 pouces double caméra 12 mp puce a14 bionic;699.0;15
téléphonie;samsung galaxy a52;samsung;écran super amoled 65 pouces quadruple caméra 64 mp snapdragon 720g;449.0;30
téléphonie;google pixel 4 xl;google;écran oled 63 pouces double caméra 122 mp snapdragon 855;899.0;10
téléphonie;oneplus 8t;oneplus;écran fluid amoled 655 pouces quadruple caméra 48 mp snapdragon 865;699.0;15
téléphonie;xiaomi mi 10t pro;xiaomi;écran ips 667 pouces triple caméra 108 mp snapdragon 865;599.0;20
téléphonie;iphone 11;apple;écran lcd 61 pouces double caméra 12 mp puce a13 bionic;599.0;25
téléphonie;samsung galaxy a72;samsung;écran super amoled 67 pouces quadruple caméra 64 mp snapdragon 720g;499.0;20
téléphonie;google pixel 3a xl;google;écran oled 6 pouces caméra 122 mp snapdragon 670;479.0;15
téléphonie;oneplus 7t;oneplus;écran fluid amoled 655 pouces triple caméra 48 mp snapdragon 855;499.0;10
téléphonie;xiaomi redmi note 10 pro;xiaomi;écran amoled 667 pouces quadruple caméra 108 mp snapdragon 732g;299.0;30
téléphonie;iphone xr;apple;écran lcd 61 pouces caméra 12 mp puce a12 bionic;499.0;15
téléphonie;samsung galaxy a32;samsung;écran super amoled 64 pouces quadruple caméra 64 mp mediatek helio g80;299.0;20
téléphonie;google pixel 3;google;écran oled 55 pouces caméra 122 mp snapdragon 845;499.0;10
téléphonie;oneplus nord;oneplus;écran amoled 644 pouces quadruple caméra 48 mp snapdragon 765g;399.0;25
téléphonie;xiaomi mi 10 lite;xiaomi;écran amoled 657 pouces quadruple caméra 48 mp snapdragon 765g;299.0;30
téléphonie;iphone 8 plus;apple;écran lcd 55 pouces double caméra 12 mp puce a11 bionic;549.0;20
téléphonie;samsung galaxy a12;samsung;écran lcd 65 pouces quadruple caméra 48 mp mediatek helio p35;199.0;40
téléphonie;google pixel 4;google;écran oled 57 pouces double caméra 16 mp snapdragon 855;799.0;5
téléphonie;oneplus 6t;oneplus;écran amoled 641 pouces double caméra 16 mp snapdragon 845;549.0;10
téléphonie;xiaomi redmi note 9;xiaomi;écran lcd 653 pouces quadruple caméra 48 mp mediatek helio g85;229.0;30
téléphonie;iphone se 2022;apple;écran retina hd 47 pouces caméra 12 mp puce a15 bionic;449.0;25
téléphonie;samsung galaxy a02s;samsung;écran lcd 65 pouces triple caméra 13 mp snapdragon 450;149.0;50
téléphonie;google pixel 5a;google;écran oled 634 pouces double caméra 122 mp snapdragon 765g;449.0;20
téléphonie;oneplus 5t;oneplus;écran amoled 601 pouces double caméra 16 mp snapdragon 835;399.0;15
téléphonie;xiaomi redmi 9a;xiaomi;écran lcd 653 pouces caméra 13 mp mediatek helio g25;99.0;40
téléphonie;iphone 7;apple;écran lcd 47 pouces caméra 12 mp puce a10 fusion;349.0;10
téléphonie;samsung galaxy a03;samsung;écran lcd 65 pouces double caméra 13 mp mediatek mt6739w;129.0;50
téléphonie;google pixel 4a 5g;google;écran oled 62 pouces double caméra 122 mp snapdragon 765g;499.0;15
téléphonie;oneplus 5;oneplus;écran optic amoled 55 pouces double caméra 16 mp snapdragon 835;349.0;10
téléphonie;xiaomi redmi note 8;xiaomi;écran lcd 63 pouces quadruple caméra 48 mp snapdragon 665;199.0;30
ordinateur portable;macbook pro 16 pouces;apple;écran retina 16 pouces puce m1 pro jusquà 64 go ram;2499.0;15
ordinateur portable;dell xps 15;dell;écran infinityedge 156 pouces processeur intel core i7 jusquà 32 go ram;1899.0;20
ordinateur portable;microsoft surface laptop 4;microsoft;écran pixelsense tactile 135 pouces processeur intel core i5 jusquà 16 go ram;1299.0;15
ordinateur portable;hp spectre x360;hp;écran tactile full hd 133 pouces processeur intel core i7 jusquà 16 go ram;1599.0;10
ordinateur portable;asus zenbook 14;asus;écran nanoedge 14 pouces processeur intel core i5 jusquà 16 go ram;999.0;25
ordinateur portable;lenovo thinkpad x1 carbon;lenovo;écran 14 pouces processeur intel core i7 jusquà 32 go ram;1699.0;15
ordinateur portable;acer swift 3;acer;écran full hd 14 pouces processeur amd ryzen 5 jusquà 8 go ram;699.0;30
ordinateur portable;razer blade 15;razer;écran full hd 156 pouces processeur intel core i7 jusquà 16 go ram;1799.0;10
ordinateur portable;msi gs66 stealth;msi;écran 156 pouces 240 hz processeur intel core i7 jusquà 32 go ram;2199.0;5
ordinateur portable;asus rog zephyrus g14;asus;écran qhd 14 pouces processeur amd ryzen 9 jusquà 32 go ram;1799.0;10
ordinateur portable;apple macbook air m1;apple;écran retina 133 pouces puce m1 jusquà 16 go ram;999.0;20
ordinateur portable;dell inspiron 15 3000;dell;écran hd 156 pouces processeur intel core i3 jusquà 8 go ram;499.0;25
ordinateur portable;microsoft surface pro 8;microsoft;écran pixelsense 13 pouces processeur intel core i5 jusquà 16 go ram;1299.0;15
ordinateur portable;hp envy x360;hp;écran tactile full hd 156 pouces processeur amd ryzen 7 jusquà 16 go ram;1099.0;15
ordinateur portable;asus vivobook 15;asus;écran full hd 156 pouces processeur intel core i5 jusquà 12 go ram;799.0;30
ordinateur portable;lenovo ideapad 3;lenovo;écran hd 156 pouces processeur amd ryzen 3 jusquà 8 go ram;399.0;40
ordinateur portable;acer predator helios 300;acer;écran 156 pouces 144 hz processeur intel core i7 jusquà 32 go ram;1299.0;10
ordinateur portable;razer blade stealth 13;razer;écran full hd 133 pouces processeur intel core i7 jusquà 16 go ram;1499.0;20
ordinateur portable;msi creator 15;msi;écran 156 pouces 4k processeur intel core i7 jusquà 32 go ram;1999.0;15
ordinateur portable;asus rog strix g15;asus;écran 156 pouces 144 hz processeur amd ryzen 7 jusquà 32 go ram;1599.0;10
ordinateur portable;apple macbook pro 13 pouces;apple;écran retina 133 pouces puce m1 jusquà 16 go ram;1299.0;25
ordinateur portable;dell inspiron 14 5000;dell;écran full hd 14 pouces processeur intel core i5 jusquà 8 go ram;699.0;30
ordinateur portable;microsoft surface book 3;microsoft;écran pixelsense 135 pouces processeur intel core i7 jusquà 32 go ram;2199.0;10
ordinateur portable;hp pavilion 15;hp;écran hd 156 pouces processeur intel core i3 jusquà 8 go ram;499.0;20
ordinateur portable;asus rog zephyrus g15;asus;écran 156 pouces 240 hz processeur amd ryzen 9 jusquà 32 go ram;1999.0;15
ordinateur portable;lenovo legion 5;lenovo;écran 156 pouces 120 hz processeur amd ryzen 7 jusquà 16 go ram;1299.0;20
ordinateur portable;acer aspire 5;acer;écran full hd 156 pouces processeur intel core i5 jusquà 8 go ram;599.0;25
ordinateur portable;razer blade 17;razer;écran 173 pouces 4k processeur intel core i7 jusquà 32 go ram;2399.0;10
ordinateur portable;msi ge76 raider;msi;écran 173 pouces 300 hz processeur intel core i9 jusquà 64 go ram;2799.0;5
ordinateur portable;asus vivobook s14;asus;écran full hd 14 pouces processeur intel core i5 jusquà 16 go ram;899.0;20
ordinateur portable;apple macbook pro 14 pouces;apple;écran miniled 14 pouces puce m1 pro jusquà 64 go ram;1999.0;15
ordinateur portable;dell latitude 14;dell;écran full hd 14 pouces processeur intel core i7 jusquà 16 go ram;1499.0;15
ordinateur portable;microsoft surface laptop go;microsoft;écran tactile 124 pouces processeur intel core i5 jusquà 8 go ram;699.0;25
ordinateur portable;hp pavilion x360;hp;écran tactile full hd 14 pouces processeur intel core i3 jusquà 8 go ram;799.0;20
ordinateur portable;asus tuf gaming a15;asus;écran 156 pouces 144 hz processeur amd ryzen 7 jusquà 16 go ram;1199.0;10
ordinateur portable;lenovo ideapad flex 5;lenovo;écran tactile full hd 14 pouces processeur amd ryzen 5 jusquà 16 go ram;899.0;15
ordinateur portable;acer nitro 5;acer;écran 156 pouces 144 hz processeur intel core i5 jusquà 16 go ram;999.0;20
ordinateur portable;razer blade stealth 15;razer;écran 156 pouces 120 hz processeur intel core i7 jusquà 16 go ram;1799.0;10
ordinateur portable;msi prestige 14;msi;écran 14 pouces 4k processeur intel core i7 jusquà 32 go ram;1799.0;10
ordinateur portable;asus rog zephyrus duo 15;asus;écran principal 156 pouces 300 hz second écran 14 pouces tactile processeur intel core i9 jusquà 32 go ram;2999.0;5
téléviseur;samsung qled qn90a;samsung;écran qled 4k 65 pouces quantum hdr 32x quantum processor 4k;2199.0;10
téléviseur;lg oled c1;lg;écran oled 4k 55 pouces α9 gen4 processor 4k dolby vision iq;1799.0;15
téléviseur;sony bravia xr a90j;sony;écran oled 4k 65 pouces cognitive processor xr acoustic surface audio;2499.0;8
téléviseur;philips the one;philips;écran led 4k 50 pouces ambilight p5 perfect picture engine;699.0;20
téléviseur;panasonic tx55hz1000;panasonic;écran oled 4k 55 pouces dolby vision hdr10;1899.0;10
téléviseur;tcl 6series;tcl;écran qled 4k 55 pouces dolby vision contrast control zones;799.0;25
téléviseur;hisense u8g;hisense;écran qled 4k 65 pouces quantum dot color dolby vision hdr;1299.0;12
téléviseur;vizio oledh1;vizio;écran oled 4k 55 pouces progaming engine dolby vision hdr;1499.0;18
téléviseur;samsung crystal uhd tu8000;samsung;écran led 4k 65 pouces crystal processor 4k hdr;999.0;20
téléviseur;lg nanocell nano90;lg;écran nanocell 4k 75 pouces α7 gen4 processor 4k dolby vision iq;1599.0;10
téléviseur;sony x85j;sony;écran led 4k 65 pouces xr triluminos pro dolby vision;1199.0;15
téléviseur;philips oled 805;philips;écran oled 4k 55 pouces ambilight p5 perfect picture engine;1699.0;8
téléviseur;panasonic tx65hz1500;panasonic;écran oled 4k 65 pouces dolby vision hdr10;2299.0;5
téléviseur;tcl 4series;tcl;écran led 4k 55 pouces hdr smart tv roku;499.0;30
téléviseur;hisense a6g;hisense;écran led 4k 65 pouces dolby vision hdr android tv;899.0;12
téléviseur;vizio mseries quantum;vizio;écran qled 4k 65 pouces quantum color dolby vision hdr;1099.0;18
téléviseur;samsung the frame;samsung;écran qled 4k 55 pouces mode art quantum processor 4k;1799.0;10
téléviseur;lg oled gx;lg;écran oled 4k 77 pouces α9 gen3 processor 4k dolby vision iq;3499.0;5
téléviseur;sony a80j;sony;écran oled 4k 65 pouces cognitive processor xr acoustic surface audio;2499.0;8
téléviseur;philips the one;philips;écran led 4k 50 pouces ambilight p5 perfect picture engine;699.0;20
téléviseur;panasonic tx55hz1000;panasonic;écran oled 4k 55 pouces dolby vision hdr10;1899.0;10
téléviseur;tcl 6series;tcl;écran qled 4k 55 pouces dolby vision contrast control zones;799.0;25
téléviseur;hisense u8g;hisense;écran qled 4k 65 pouces quantum dot color dolby vision hdr;1299.0;12
téléviseur;vizio oledh1;vizio;écran oled 4k 55 pouces progaming engine dolby vision hdr;1499.0;18
téléviseur;samsung crystal uhd tu8000;samsung;écran led 4k 65 pouces crystal processor 4k hdr;999.0;20
téléviseur;lg nanocell nano90;lg;écran nanocell 4k 75 pouces α7 gen4 processor 4k dolby vision iq;1599.0;10
téléviseur;sony x85j;sony;écran led 4k 65 pouces xr triluminos pro dolby vision;1199.0;15
téléviseur;philips oled 805;philips;écran oled 4k 55 pouces ambilight p5 perfect picture engine;1699.0;8
téléviseur;panasonic tx65hz1500;panasonic;écran oled 4k 65 pouces dolby vision hdr10;2299.0;5
téléviseur;tcl 4series;tcl;écran led 4k 55 pouces hdr smart tv roku;499.0;30
téléviseur;hisense a6g;hisense;écran led 4k 65 pouces dolby vision hdr android tv;899.0;12
téléviseur;vizio mseries quantum;vizio;écran qled 4k 65 pouces quantum color dolby vision hdr;1099.0;18
téléviseur;samsung the frame;samsung;écran qled 4k 55 pouces mode art quantum processor 4k;1799.0;10
téléviseur;lg oled gx;lg;écran oled 4k 77 pouces α9 gen3 processor 4k dolby vision iq;3499.0;5
téléviseur;sony a80j;sony;écran oled 4k 65 pouces cognitive processor xr acoustic surface audio;2499.0;8
téléviseur;philips the one;philips;écran led 4k 50 pouces ambilight p5 perfect picture engine;699.0;20
téléviseur;panasonic tx55hz1000;panasonic;écran oled 4k 55 pouces dolby vision hdr10;1899.0;10
téléviseur;tcl 6series;tcl;écran qled 4k 55 pouces dolby vision contrast control zones;799.0;25
téléviseur;hisense u8g;hisense;écran qled 4k 65 pouces quantum dot color dolby vision hdr;1299.0;12
téléviseur;vizio oledh1;vizio;écran oled 4k 55 pouces progaming engine dolby vision hdr;1499.0;18
téléviseur;samsung crystal uhd tu8000;samsung;écran led 4k 65 pouces crystal processor 4k hdr;999.0;20
téléviseur;lg nanocell nano90;lg;écran nanocell 4k 75 pouces α7 gen4 processor 4k dolby vision iq;1599.0;10
téléviseur;sony x85j;sony;écran led 4k 65 pouces xr triluminos pro dolby vision;1199.0;15
téléviseur;philips oled 805;philips;écran oled 4k 55 pouces ambilight p5 perfect picture engine;1699.0;8
téléviseur;panasonic tx65hz1500;panasonic;écran oled 4k 65 pouces dolby vision hdr10;2299.0;5
téléviseur;tcl 4series;tcl;écran led 4k 55 pouces hdr smart tv roku;499.0;30
téléviseur;hisense a6g;hisense;écran led 4k 65 pouces dolby vision hdr android tv;899.0;12
téléviseur;vizio mseries quantum;vizio;écran qled 4k 65 pouces quantum color dolby vision hdr;1099.0;18
téléviseur;samsung the frame;samsung;écran qled 4k 55 pouces mode art quantum processor 4k;1799.0;10
téléviseur;lg oled gx;lg;écran oled 4k 77 pouces α9 gen3 processor 4k dolby vision iq;3499.0;5
téléviseur;sony a80j;sony;écran oled 4k 65 pouces cognitive processor xr acoustic surface audio;2499.0;8
réfrigérateur;samsung rf28r7201sr;samsung;capacité 28 pieds cubes distributeur eau glaçons technologie twin cooling plus;1999.0;10
réfrigérateur;lg lfxs26973s;lg;capacité 26 pieds cubes porte instaview technologie smart cooling;1899.0;15
réfrigérateur;frigidaire ffss2615ts;frigidaire;capacité 255 pieds cubes distributeur eau glaçons étagères ajustables;1399.0;8
réfrigérateur;whirlpool wrs321sdhz;whirlpool;capacité 21 pieds cubes distributeur eau technologie adaptive defrost;1099.0;20
réfrigérateur;ge gss25gshss;ge;capacité 253 pieds cubes distributeur eau glaçons étagères verre trempé;1599.0;10
réfrigérateur;kitchenaid krff507hps;kitchenaid;capacité 268 pieds cubes distributeur eau glaçons système conservation aliments preserva;2199.0;12
réfrigérateur;bosch b36cl80sns;bosch;capacité 208 pieds cubes tiroirs vitafresh éclairage led;2499.0;5
réfrigérateur;haier hrf15n3ags;haier;capacité 15 pieds cubes distributeur eau technologie refroidissement rapide;999.0;25
réfrigérateur;subzero bi36usph;subzero;capacité 214 pieds cubes système conservation aliments dual refrigeration étagères verre;7999.0;3
réfrigérateur;electrolux ei23bc82ss;electrolux;capacité 223 pieds cubes tiroirs perfect temp éclairage theatre style;2999.0;8
réfrigérateur;viking vcsb5423ss;viking;capacité 247 pieds cubes système filtration air tiroirs humides secs;4999.0;5
réfrigérateur;liebherr cs2062;liebherr;capacité 194 pieds cubes technologie biofresh étagères verre;3499.0;10
réfrigérateur;samsung rf28r7201sr;samsung;capacité 28 pieds cubes distributeur eau glaçons technologie twin cooling plus;1999.0;10
réfrigérateur;lg lfxs26973s;lg;capacité 26 pieds cubes porte instaview technologie smart cooling;1899.0;15
réfrigérateur;frigidaire ffss2615ts;frigidaire;capacité 255 pieds cubes distributeur eau glaçons étagères ajustables;1399.0;8
réfrigérateur;whirlpool wrs321sdhz;whirlpool;capacité 21 pieds cubes distributeur eau technologie adaptive defrost;1099.0;20
réfrigérateur;ge gss25gshss;ge;capacité 253 pieds cubes distributeur eau glaçons étagères verre trempé;1599.0;10
réfrigérateur;kitchenaid krff507hps;kitchenaid;capacité 268 pieds cubes distributeur eau glaçons système conservation aliments preserva;2199.0;12
réfrigérateur;bosch b36cl80sns;bosch;capacité 208 pieds cubes tiroirs vitafresh éclairage led;2499.0;5
réfrigérateur;haier hrf15n3ags;haier;capacité 15 pieds cubes distributeur eau technologie refroidissement rapide;999.0;25
réfrigérateur;subzero bi36usph;subzero;capacité 214 pieds cubes système conservation aliments dual refrigeration étagères verre;7999.0;3
réfrigérateur;electrolux ei23bc82ss;electrolux;capacité 223 pieds cubes tiroirs perfect temp éclairage theatre style;2999.0;8
réfrigérateur;viking vcsb5423ss;viking;capacité 247 pieds cubes système filtration air tiroirs humides secs;4999.0;5
réfrigérateur;liebherr cs2062;liebherr;capacité 194 pieds cubes technologie biofresh étagères verre;3499.0;10
audio;sonos arc;sonos;barre dolby atmos 11 hautparleurs contrôle vocal;899.0;10
audio;bose smart soundbar 300;bose;barre assistant vocal intégré wifi bluetooth;499.0;15
audio;jbl bar 91;jbl;barre 91 canaux dolby atmos subwoofer fil;999.0;8
audio;sony htg700;sony;barre 31 canaux dolby atmos vertical surround engine;599.0;20
audio;yamaha yas209;yamaha;barre subwoofer fil clear voice bluetooth;349.0;10
audio;samsung hwq70t;samsung;barre 312 canaux dolby atmos dtsx;799.0;12
audio;lg sn7cy;lg;barre 302 canaux dolby atmos dtsx;699.0;15
audio;harman kardon citation bar;harman kardon;barre google assistant intégré chromecast bluetooth;899.0;8
audio;bose soundlink revolve;bose;enceinte portable 360 degrés résistante aux éclaboussures autonomie jusquà 16 heures;299.0;20
audio;jbl charge 5;jbl;enceinte portable résistante eau bluetooth batterie rechargeable;179.0;25
audio;ultimate ears megaboom 3;ultimate ears;enceinte portable 360 degrés résistante eau poussière autonomie jusquà 20 heures;199.0;15
audio;sony srsxb43;sony;enceinte portable extra bass résistante eau poussière autonomie jusquà 24 heures;249.0;20
audio;anker soundcore motion;anker;enceinte portable stéréo bluetooth 50 autonomie jusquà 12 heures;99.0;30
audio;marshall stockwell ii;marshall;enceinte portable compacte autonomie jusquà 20 heures entrée jack 35 mm;199.0;10
audio;bose soundlink color ii;bose;enceinte portable résistante eau bluetooth autonomie jusquà 8 heures;129.0;25
audio;sonos roam;sonos;enceinte portable sonos trueplay résistante eau poussière autonomie jusquà 10 heures;179.0;15
audio;sonos arc;sonos;barre dolby atmos 11 hautparleurs contrôle vocal;899.0;10
audio;bose smart soundbar 300;bose;barre assistant vocal intégré wifi bluetooth;499.0;15
audio;jbl bar 91;jbl;barre 91 canaux dolby atmos subwoofer fil;999.0;8
audio;sony htg700;sony;barre 31 canaux dolby atmos vertical surround engine;599.0;20
audio;yamaha yas209;yamaha;barre subwoofer fil clear voice bluetooth;349.0;10
audio;samsung hwq70t;samsung;barre 312 canaux dolby atmos dtsx;799.0;12
audio;lg sn7cy;lg;barre 302 canaux dolby atmos dtsx;699.0;15
audio;harman kardon citation bar;harman kardon;barre google assistant intégré chromecast bluetooth;899.0;8
audio;bose soundlink revolve;bose;enceinte portable 360 degrés résistante aux éclaboussures autonomie jusquà 16 heures;299.0;20
audio;jbl charge 5;jbl;enceinte portable résistante eau bluetooth batterie rechargeable;179.0;25
audio;ultimate ears megaboom 3;ultimate ears;enceinte portable 360 degrés résistante eau poussière autonomie jusquà 20 heures;199.0;15
audio;sony srsxb43;sony;enceinte portable extra bass résistante eau poussière autonomie jusquà 24 heures;249.0;20
audio;anker soundcore motion;anker;enceinte portable stéréo bluetooth 50 autonomie jusquà 12 heures;99.0;30
audio;marshall stockwell ii;marshall;enceinte portable compacte autonomie jusquà 20 heures entrée jack 35 mm;199.0;10
audio;bose soundlink color ii;bose;enceinte portable résistante eau bluetooth autonomie jusquà 8 heures;129.0;25
audio;sonos roam;sonos;enceinte portable sonos trueplay résistante eau poussière autonomie jusquà 10 heures;179.0;15
btp;makita perceusevisseuse fil ddf482rfx1;makita;perceusevisseuse fil batterie lithiumion 18v couple max serrage 62 nm;199.0;20
btp;bosch meuleuse angulaire gws 750100;bosch;meuleuse angulaire électrique puissance 750 w diamètre disque 100 mm;89.0;15
btp;dewalt scie circulaire dwe575k;dewalt;scie circulaire électrique puissance 1600 w profondeur coupe 67 mm 90°;179.0;10
btp;hilti perforateur burineur te 30a36;hilti;perforateur burineur fil batterie lithiumion 36v frappe 36 j;899.0;8
btp;makita marteau piqueur hm0871c;makita;marteau piqueur électrique puissance 1100 w frappe 114 j;499.0;12
btp;bosch niveau laser gll 380 c;bosch;niveau laser autonivelant portée jusquà 30 connexion bluetooth;299.0;20
btp;dewalt perceuse percussion dcd796p2;dewalt;perceuse percussion fil batterie lithiumion 18v couple max serrage 70 nm;249.0;15
btp;hilti scie sabre wsr 36a;hilti;scie sabre fil batterie lithiumion 36v mouvement pendulaire réglable;399.0;10
btp;makita tronçonneuse thermique ea3201s40b;makita;tronçonneuse thermique puissance 18 kw guide 40 cm;299.0;8
btp;bosch détecteur mural dtect 120;bosch;détecteur matériaux portée jusquà 120 mm fonctionnement radar;199.0;20
btp;dewalt visseuse chocs fil dcf887p2;dewalt;visseuse chocs fil batterie lithiumion 18v couple max serrage 205 nm;279.0;15
btp;hilti perforateur te 2a22;hilti;perforateur fil batterie lithiumion 22v frappe 22 j;349.0;10
btp;makita scie circulaire table mlt100;makita;scie circulaire table puissance 1500 w diamètre disque 260 mm;499.0;12
btp;bosch rabot électrique gho 2682;bosch;rabot électrique puissance 710 w largeur rabotage 82 mm;149.0;8
btp;dewalt scie sauteuse fil dcs334nxj;dewalt;scie sauteuse fil batterie lithiumion 18v course lame 26 mm;199.0;10
btp;hilti marteau perforateur te 6a36;hilti;marteau perforateur fil batterie lithiumion 36v frappe 26 j;799.0;15
btp;makita scie onglet radiale ls1018l;makita;scie onglet radiale puissance 1430 w diamètre lame 260 mm;399.0;20
btp;bosch marteau perforateur gbh 228 f;bosch;marteau perforateur électrique puissance 880 w frappe 32 j;299.0;25
btp;dewalt scie circulaire plongeante dws520kt;dewalt;scie circulaire plongeante électrique puissance 1300 w profondeur coupe 59 mm;349.0;30
btp;hilti perforateur burineur te 50avr;hilti;perforateur burineur électrique puissance 1050 w frappe 75 j;599.0;20
btp;makita scie sabre jr3051tk;makita;scie sabre électrique puissance 1510 w course lame 32 mm;179.0;25
btp;bosch meuleuse angle gws 22230 jh;bosch;meuleuse angle électrique puissance 2200 w diamètre disque 230 mm;129.0;15
btp;dewalt scie onglet radiale dws774;dewalt;scie onglet radiale électrique puissance 1400 w diamètre lame 216 mm;249.0;18
btp;hilti marteau piqueur te 1000avr;hilti;marteau piqueur électrique puissance 1750 w frappe 25 j;899.0;12
btp;makita ponceuse excentrique bo5041k;makita;ponceuse excentrique électrique puissance 300 w diamètre plateau ponçage 125 mm;129.0;20
btp;bosch visseuse chocs gdr 18v160;bosch;visseuse chocs fil batterie lithiumion 18v couple max serrage 160 nm;149.0;25
btp;dewalt perforateur sdsplus dch273nxj;dewalt;perforateur électrique batterie lithiumion 18v frappe 21 j;299.0;30
btp;hilti scie circulaire fil scw 22a;hilti;scie circulaire fil batterie lithiumion 22v diamètre lame 165 mm;399.0;15
btp;makita taillehaie électrique uh5570;makita;taillehaie électrique puissance 550 w longueur lame 55 cm;149.0;20
btp;bosch scie sauteuse gst 150 bce;bosch;scie sauteuse électrique puissance 780 w course lame 26 mm;199.0;25
btp;dewalt meuleuse angle xr dcg405nxj;dewalt;meuleuse angle fil batterie lithiumion 18v diamètre disque 125 mm;179.0;18
btp;hilti perforateur te 1a22;hilti;perforateur fil batterie lithiumion 22v frappe 18 j;199.0;22
btp;makita scie circulaire plongeante sp6000j1x;makita;scie circulaire plongeante électrique puissance 1300 w profondeur coupe 55 mm;349.0;12
btp;bosch marteau perforateur sdsplus gbh 226 f;bosch;marteau perforateur électrique puissance 800 w frappe 27 j;189.0;15
btp;dewalt scie onglet radiale dws780;dewalt;scie onglet radiale électrique puissance 1675 w diamètre lame 305 mm;549.0;10
btp;hilti perforateur burineur te 500avr;hilti;perforateur burineur électrique puissance 1020 w frappe 7 j;999.0;8
btp;makita ponceuse vibrante bo4565k;makita;ponceuse vibrante électrique puissance 200 w surface ponçage 112 x 190 mm;79.0;25
btp;bosch perforateur sdsplus gbh 228;bosch;perforateur électrique puissance 880 w frappe 32 j;189.0;20
btp;dewalt scie sauteuse dw333k;dewalt;scie sauteuse électrique puissance 701 w course lame 26 mm;169.0;15
btp;hilti marteau piqueur te 3000avr;hilti;marteau piqueur électrique puissance 2000 w frappe 50 j;1499.0;5
btp;makita défonceuse rt0700cx2j;makita;défonceuse électrique puissance 710 w diamètre fraise 8 mm;179.0;10
sol;carrelage effet bois chêne;porcelanosa;format 20x120 cm épaisseur 9 mm aspect bois naturel;29.99;100 m²
sol;carrelage grès cérame anthracite;marazzi;format 60x60 cm épaisseur 10 mm surface antidérapante;24.99;150 m²
sol;carrelage effet béton gris;roca;format 45x45 cm épaisseur 8 mm aspect béton lissé;19.99;80 m²
sol;carrelage mural blanc mat;villeroy boch;format 30x60 cm épaisseur 6 mm finition mate;34.99;120 m²
sol;carrelage terre cuite rustique;saloni;format 30x30 cm épaisseur 12 mm finition vieillie;39.99;50 m²
sol;carrelage effet marbre carrara;atlas concorde;format 60x120 cm épaisseur 10 mm aspect veiné;49.99;70 m²
sol;carrelage céramique blanc brillant;imola;format 30x60 cm épaisseur 8 mm finition brillante;29.99;100 m²
sol;carrelage effet pierre naturelle;casa dolce casa;format 60x90 cm épaisseur 10 mm aspect texturé;44.99;60 m²
sol;carrelage hexagonal noir mat;marazzi;format 20x23 cm épaisseur 8 mm surface structurée;19.99;90 m²
sol;carrelage grès cérame aspect pierre;pamesa;format 60x60 cm épaisseur 12 mm antidérapant;29.99;120 m²
sol;carrelage effet bois blanc;mirage;format 15x90 cm épaisseur 9 mm aspect bois blanchi;34.99;80 m²
sol;carrelage céramique vert foncé;rak ceramics;format 45x45 cm épaisseur 9 mm finition mate;26.99;70 m²
sol;carrelage effet marbre nero marquina;ege seramik;format 80x80 cm épaisseur 10 mm aspect veiné;54.99;50 m²
sol;carrelage grès cérame aspect bois;abk ceramiche;format 30x120 cm épaisseur 10 mm aspect bois naturel;39.99;100 m²
sol;carrelage mural bleu azuré;ceramica santagostino;format 20x40 cm épaisseur 6 mm finition brillante;29.99;80 m²
sol;carrelage grès cérame aspect ciment;caesar;format 75x75 cm épaisseur 10 mm aspect ciment brut;49.99;60 m²
sol;carrelage céramique jaune moutarde;tagina;format 60x60 cm épaisseur 9 mm finition mate;31.99;90 m²
sol;carrelage effet pierre travertin;kale;format 40x60 cm épaisseur 11 mm aspect veiné;34.99;70 m²
sol;carrelage hexagonal blanc mat;flaviker;format 22x25 cm épaisseur 8 mm surface structurée;22.99;100 m²
sol;carrelage grès cérame aspect terre cuite;provenza;format 30x60 cm épaisseur 10 mm aspect vieilli;37.99;80 m²
sol;carrelage mural rose pastel;ornamenta;format 10x20 cm épaisseur 7 mm finition mate;17.99;120 m²
sol;carrelage grès cérame effet ardoise;novabell;format 60x120 cm épaisseur 9 mm surface structurée;42.99;50 m²
sol;carrelage céramique beige;colorker;format 50x50 cm épaisseur 8 mm finition mate;27.99;100 m²
sol;carrelage effet bois wengé;supergres;format 20x120 cm épaisseur 9 mm aspect bois foncé;29.99;70 m²
sol;carrelage grès cérame aspect marbre;casalgrande padana;format 60x60 cm épaisseur 10 mm aspect veiné;49.99;90 m²
sol;carrelage mural gris anthracite;refin;format 30x90 cm épaisseur 8 mm finition brillante;32.99;110 m²
sol;carrelage grès cérame aspect métal;del conca;format 45x90 cm épaisseur 9 mm aspect métallique;39.99;60 m²
sol;carrelage effet ciment gris;century;format 60x60 cm épaisseur 10 mm aspect ciment brut;29.99;80 m²
sol;carrelage céramique bleu ciel;cotto este;format 30x60 cm épaisseur 8 mm finition mate;36.99;70 m²
sol;carrelage effet marbre statuario;ariostea;format 80x80 cm épaisseur 10 mm aspect veiné;54.99;50 m²
sol;carrelage grès cérame aspect bois;abk ceramiche;format 20x120 cm épaisseur 9 mm aspect bois clair;34.99;100 m²
sol;carrelage mural vert émeraude;grespania;format 25x75 cm épaisseur 7 mm finition brillante;29.99;80 m²
sol;carrelage grès cérame aspect pierre;pamesa;format 60x60 cm épaisseur 12 mm antidérapant;29.99;120 m²
luminaire;suspension verre soufflé;artemide;suspension élégante verre soufflé éclairage doux moderne;199.99;15
ampoule;ampoule led e27 10w;philips;ampoule led vis e27 équivalent 60w incandescent blanc chaud;4.99;100
luminaire;plafonnier led 4 spots orientables;osram;plafonnier led 4 spots orientables éclairage directionnel;89.99;20
luminaire;lampe bureau led port usb;taotronics;lampe bureau led variateur intensité port usb intégré;29.99;30
luminaire;ruban led rgb 5m télécommande;govee;ruban led rgb 5 mètres télécommande éclairage ambiance personnalisé;24.99;50
luminaire;projecteur led extérieur 50w;steinel;projecteur led extérieur détecteur mouvement sécurité éclairage jardin;49.99;25
ampoule;ampoule vintage edison e27 40w;nostalgia lights;ampoule vintage edison filament ambiance rétrochic;9.99;80
luminaire;plafonnier encastrable led rond 12w;eglo;plafonnier encastrable led rond 12w éclairage discret moderne;19.99;40
luminaire;luminaire suspension industrielle;nordlux;luminaire suspension style industriel abatjour métal;79.99;20
luminaire;lot 6 spots encastrables led 7w;bklicht;lot 6 spots encastrables led 7w éclairage uniforme économe énergie;49.99;15
ampoule;ampoule led gu10 5w;osram;ampoule led gu10 5w équivalent 50w halogène blanc chaud;6.99;120
luminaire;applique murale led extérieure;konstsmide;applique murale led extérieure aluminium éclairage moderne durable;39.99;35
luminaire;plafonnier led design carré 24w;bklicht;plafonnier led design carré 24w éclairage contemporain;34.99;25
luminaire;luminaire suspendu rotin naturel;bloomingville;luminaire suspendu rotin naturel touche bohème intérieur;129.99;10
ampoule;ampoule led filament e14 4w;segula;ampoule led filament e14 4w éclairage rétro économe énergie;7.99;70
luminaire;ruban led rgbw 10m contrôleur;sylvania;ruban led rgbw 10 mètres contrôleur éclairage ambiance multicolore;59.99;20
luminaire;spot led encastrable orientable 7w;philips;spot led encastrable orientable 7w éclairage précis moderne;14.99;50
luminaire;lampe bureau articulée led 6w;taotronics;lampe bureau articulée led 6w 5 niveaux luminosité 5 modes couleur;39.99;30
luminaire;suspension métal noir mat;eglo;suspension métal noir mat éclairage élégant minimaliste;69.99;15
ampoule;ampoule led flamme e27 3w;philips;ampoule led flamme e27 3w éclairage décoratif économique;5.99;90
luminaire;plafonnier led encastrable rond 18w;briloner;plafonnier led encastrable rond 18w éclairage uniforme moderne;29.99;40
luminaire;applique murale led design;eglo;applique murale led design contemporain éclairage élégant intérieur;49.99;20
ampoule;lot 3 ampoules led gu53 6w;osram;lot 3 ampoules led gu53 6w éclairage directionnel économe énergie;12.99;80
luminaire;luminaire suspension laiton;hk living;luminaire suspension laiton touche vintage décoration intérieure;179.99;8
ampoule;ampoule led spot gu53 7w;philips;ampoule led spot gu53 7w éclairage directionnel économe énergie;9.99;100
luminaire;plafonnier led design 3 spots;trio;plafonnier led design 3 spots orientables éclairage personnalisé;79.99;15
luminaire;lampe chevet led tactile;aukey;lampe chevet led tactile variateur intensité mode couleur;19.99;50
luminaire;ruban led blanc chaud 5m;philips;ruban led blanc chaud 5 mètres éclairage discret chaleureux;34.99;25
luminaire;projecteur led extérieur détecteur;steinel;projecteur led extérieur détecteur mouvement sécurité propriété;69.99;30
luminaire;suspension métal doré;bloomingville;suspension métal doré éclairage chic sophistiqué salon;89.99;12
ampoule;ampoule led rétro edison e27 6w;vintage edison;ampoule led rétro edison filament ambiance vintage;14.99;60
luminaire;plafonnier led encastrable carré 15w;briloner;plafonnier led encastrable carré 15w éclairage moderne discret;24.99;35
luminaire;applique murale led extérieure;ranex;applique murale led extérieure acier inoxydable éclairage sécurisé durable;19.99;40
luminaire;suspension rotin tressé;redoute;suspension rotin tressé touche naturelle décoration intérieure;59.99;20
ampoule;ampoule led globe g125 8w;philips;ampoule led globe g125 8w éclairage décoratif économe énergie;12.99;70
luminaire;spots encastrables led orientables;bklicht;lot 6 spots encastrables led orientables éclairage moderne ajustable;59.99;15
luminaire;lampe table bois métal;tomons;lampe table bois métal design scandinave ambiance chaleureuse;39.99;25
luminaire;ruban led rgbw 5m contrôleur;philips hue;ruban led rgbw 5 mètres contrôleur éclairage ambiance connecté;89.99;10
luminaire;spot led encastrable carré 6w;philips;spot led encastrable carré 6w éclairage moderne discret;9.99;60
luminaire;suspension métal noir mat;eglo;suspension métal noir mat éclairage élégant minimaliste;69.99;15
ampoule;ampoule led flamme e27 3w;philips;ampoule led flamme e27 3w éclairage décoratif économique;5.99;90
luminaire;plafonnier led encastrable rond 18w;briloner;plafonnier led encastrable rond 18w éclairage uniforme moderne;29.99;40
luminaire;applique murale led design;eglo;applique murale led design contemporain éclairage élégant intérieur;49.99;20
ampoule;lot 3 ampoules led gu53 6w;osram;lot 3 ampoules led gu53 6w éclairage directionnel économe énergie;12.99;80
luminaire;luminaire suspension laiton;hk living;luminaire suspension laiton touche vintage décoration intérieure;179.99;8
ampoule;ampoule led spot gu53 7w;philips;ampoule led spot gu53 7w éclairage directionnel économe énergie;9.99;100
luminaire;plafonnier led design 3 spots;trio;plafonnier led design 3 spots orientables éclairage personnalisé;79.99;15
luminaire;lampe chevet led tactile;aukey;lampe chevet led tactile variateur intensité mode couleur;19.99;50
luminaire;ruban led blanc chaud 5m;philips;ruban led blanc chaud 5 mètres éclairage discret chaleureux;34.99;25
luminaire;projecteur led extérieur détecteur;steinel;projecteur led extérieur détecteur mouvement sécurité propriété;69.99;30
luminaire;suspension métal doré;bloomingville;suspension métal doré éclairage chic sophistiqué salon;89.99;12
ampoule;ampoule led rétro edison e27 6w;vintage edison;ampoule led rétro edison filament ambiance vintage;14.99;60
luminaire;plafonnier led encastrable carré 15w;briloner;plafonnier led encastrable carré 15w éclairage moderne discret;24.99;35
luminaire;applique murale led extérieure;ranex;applique murale led extérieure acier inoxydable éclairage sécurisé durable;19.99;40
luminaire;suspension rotin tressé;redoute;suspension rotin tressé touche naturelle décoration intérieure;59.99;20
ampoule;ampoule led globe g125 8w;philips;ampoule led globe g125 8w éclairage décoratif économe énergie;12.99;70
luminaire;spots encastrables led orientables;bklicht;lot 6 spots encastrables led orientables éclairage moderne ajustable;59.99;15
luminaire;lampe table bois métal;tomons;lampe table bois métal design scandinave ambiance chaleureuse;39.99;25
luminaire;ruban led rgbw 5m contrôleur;philips hue;ruban led rgbw 5 mètres contrôleur éclairage ambiance connecté;89.99;10
luminaire;spot led encastrable carré 6w;philips;spot led encastrable carré 6w éclairage moderne discret;9.99;60
luminaire;suspension métal noir mat;eglo;suspension métal noir mat éclairage élégant minimaliste;69.99;15
ampoule;ampoule led flamme e27 3w;philips;ampoule led flamme e27 3w éclairage décoratif économique;5.99;90
luminaire;plafonnier led encastrable rond 18w;briloner;plafonnier led encastrable rond 18w éclairage uniforme moderne;29.99;40
luminaire;applique murale led design;eglo;applique murale led design contemporain éclairage élégant intérieur;49.99;20
ampoule;lot 3 ampoules led gu53 6w;osram;lot 3 ampoules led gu53 6w éclairage directionnel économe énergie;12.99;80
luminaire;luminaire suspension laiton;hk living;luminaire suspension laiton touche vintage décoration intérieure;179.99;8
ampoule;ampoule led spot gu53 7w;philips;ampoule led spot gu53 7w éclairage directionnel économe énergie;9.99;100
luminaire;plafonnier led design 3 spots;trio;plafonnier led design 3 spots orientables éclairage personnalisé;79.99;15
luminaire;lampe chevet led tactile;aukey;lampe chevet led tactile variateur intensité mode couleur;19.99;50
luminaire;ruban led blanc chaud 5m;philips;ruban led blanc chaud 5 mètres éclairage discret chaleureux;34.99;25
luminaire;projecteur led extérieur détecteur;steinel;projecteur led extérieur détecteur mouvement sécurité propriété;69.99;30
luminaire;suspension métal doré;bloomingville;suspension métal doré éclairage chic sophistiqué salon;89.99;12
ampoule;ampoule led rétro edison e27 6w;vintage edison;ampoule led rétro edison filament ambiance vintage;14.99;60
luminaire;plafonnier led encastrable carré 15w;briloner;plafonnier led encastrable carré 15w éclairage moderne discret;24.99;35
luminaire;applique murale led extérieure;ranex;applique murale led extérieure acier inoxydable éclairage sécurisé durable;19.99;40
luminaire;suspension rotin tressé;redoute;suspension rotin tressé touche naturelle décoration intérieure;59.99;20
ampoule;ampoule led globe g125 8w;philips;ampoule led globe g125 8w éclairage décoratif économe énergie;12.99;70
luminaire;spots encastrables led orientables;bklicht;lot 6 spots encastrables led orientables éclairage moderne ajustable;59.99;15
luminaire;lampe table bois métal;tomons;lampe table bois métal design scandinave ambiance chaleureuse;39.99;25
luminaire;ruban led rgbw 5m contrôleur;philips hue;ruban led rgbw 5 mètres contrôleur éclairage ambiance connecté;89.99;10
luminaire;spot led encastrable carré 6w;philips;spot led encastrable carré 6w éclairage moderne discret;9.99;60
luminaire;suspension métal noir mat;eglo;suspension métal noir mat éclairage élégant minimaliste;69.99;15
ampoule;ampoule led flamme e27 3w;philips;ampoule led flamme e27 3w éclairage décoratif économique;5.99;90
luminaire;plafonnier led encastrable rond 18w;briloner;plafonnier led encastrable rond 18w éclairage uniforme moderne;29.99;40
luminaire;applique murale led design;eglo;applique murale led design contemporain éclairage élégant intérieur;49.99;20
ampoule;lot 3 ampoules led gu53 6w;osram;lot 3 ampoules led gu53 6w éclairage directionnel économe énergie;12.99;80
luminaire;luminaire suspension laiton;hk living;luminaire suspension laiton touche vintage décoration intérieure;179.99;8
ampoule;ampoule led spot gu53 7w;philips;ampoule led spot gu53 7w éclairage directionnel économe énergie;9.99;100
luminaire;plafonnier led design 3 spots;trio;plafonnier led design 3 spots orientables éclairage personnalisé;79.99;15
luminaire;lampe chevet led tactile;aukey;lampe chevet led tactile variateur intensité mode couleur;19.99;50
luminaire;ruban led blanc chaud 5m;philips;ruban led blanc chaud 5 mètres éclairage discret chaleureux;34.99;25
luminaire;projecteur led extérieur détecteur;steinel;projecteur led extérieur détecteur mouvement sécurité propriété;69.99;30
luminaire;suspension métal doré;bloomingville;suspension métal doré éclairage chic sophistiqué salon;89.99;12
ampoule;ampoule led rétro edison e27 6w;vintage edison;ampoule led rétro edison filament ambiance vintage;14.99;60
luminaire;plafonnier led encastrable carré 15w;briloner;plafonnier led encastrable carré 15w éclairage moderne discret;24.99;35
luminaire;applique murale led extérieure;ranex;applique murale led extérieure acier inoxydable éclairage sécurisé durable;19.99;40
luminaire;suspension rotin tressé;redoute;suspension rotin tressé touche naturelle décoration intérieure;59.99;20
ampoule;ampoule led globe g125 8w;philips;ampoule led globe g125 8w éclairage décoratif économe énergie;12.99;70
luminaire;spots encastrables led orientables;bklicht;lot 6 spots encastrables led orientables éclairage moderne ajustable;59.99;15
luminaire;lampe table bois métal;tomons;lampe table bois métal design scandinave ambiance chaleureuse;39.99;25
luminaire;ruban led rgbw 5m contrôleur;philips hue;ruban led rgbw 5 mètres contrôleur éclairage ambiance connecté;89.99;10
luminaire;spot led encastrable carré 6w;philips;spot led encastrable carré 6w éclairage moderne discret;9.99;60
luminaire;suspension métal noir mat;eglo;suspension métal noir mat éclairage élégant minimaliste;69.99;15
ampoule;ampoule led flamme e27 3w;philips;ampoule led flamme e27 3w éclairage décoratif économique;5.99;90
luminaire;plafonnier led encastrable rond 18w;briloner;plafonnier led encastrable rond 18w éclairage uniforme moderne;29.99;40
luminaire;applique murale led design;eglo;applique murale led design contemporain éclairage élégant intérieur;49.99;20
ampoule;lot 3 ampoules led gu53 6w;osram;lot 3 ampoules led gu53 6w éclairage directionnel économe énergie;12.99;80
luminaire;luminaire suspension laiton;hk living;luminaire suspension laiton touche vintage décoration intérieure;179.99;8
ampoule;ampoule led spot gu53 7w;philips;ampoule led spot gu53 7w éclairage directionnel économe énergie;9.99;100
luminaire;plafonnier led design 3 spots;trio;plafonnier led design 3 spots orientables éclairage personnalisé;79.99;15
luminaire;lampe chevet led tactile;aukey;lampe chevet led tactile variateur intensité mode couleur;19.99;50
luminaire;ruban led blanc chaud 5m;philips;ruban led blanc chaud 5 mètres éclairage discret chaleureux;34.99;25
luminaire;projecteur led extérieur détecteur;steinel;projecteur led extérieur détecteur mouvement sécurité propriété;69.99;30
luminaire;suspension métal doré;bloomingville;suspension métal doré éclairage chic sophistiqué salon;89.99;12
ampoule;ampoule led rétro edison e27 6w;vintage edison;ampoule led rétro edison filament ambiance vintage;14.99;60
luminaire;plafonnier led encastrable carré 15w;briloner;plafonnier led encastrable carré 15w éclairage moderne discret;24.99;35
luminaire;applique murale led extérieure;ranex;applique murale led extérieure acier inoxydable éclairage sécurisé durable;19.99;40
luminaire;suspension rotin tressé;redoute;suspension rotin tressé touche naturelle décoration intérieure;59.99;20
ampoule;ampoule led globe g125 8w;philips;ampoule led globe g125 8w éclairage décoratif économe énergie;12.99;70
luminaire;spots encastrables led orientables;bklicht;lot 6 spots encastrables led orientables éclairage moderne ajustable;59.99;15
luminaire;lampe table bois métal;tomons;lampe table bois métal design scandinave ambiance chaleureuse;39.99;25
luminaire;ruban led rgbw 5m contrôleur;philips hue;ruban led rgbw 5 mètres contrôleur éclairage ambiance connecté;89.99;10
luminaire;spot led encastrable carré 6w;philips;spot led encastrable carré 6w éclairage moderne discret;9.99;60
luminaire;suspension métal noir mat;eglo;suspension métal noir mat éclairage élégant minimaliste;69.99;15
ampoule;ampoule led flamme e27 3w;philips;ampoule led flamme e27 3w éclairage décoratif économique;5.99;90
luminaire;plafonnier led encastrable rond 18w;briloner;plafonnier led encastrable rond 18w éclairage uniforme moderne;29.99;40
luminaire;applique murale led design;eglo;applique murale led design contemporain éclairage élégant intérieur;49.99;20
ampoule;lot 3 ampoules led gu53 6w;osram;lot 3 ampoules led gu53 6w éclairage directionnel économe énergie;12.99;80
luminaire;luminaire suspension laiton;hk living;luminaire suspension laiton touche vintage décoration intérieure;179.99;8
ampoule;ampoule led spot gu53 7w;philips;ampoule led spot gu53 7w éclairage directionnel économe énergie;9.99;100
luminaire;plafonnier led design 3 spots;trio;plafonnier led design 3 spots orientables éclairage personnalisé;79.99;15
luminaire;lampe chevet led tactile;aukey;lampe chevet led tactile variateur intensité mode couleur;19.99;50
luminaire;ruban led blanc chaud 5m;philips;ruban led blanc chaud 5 mètres éclairage discret chaleureux;34.99;25
luminaire;projecteur led extérieur détecteur;steinel;projecteur led extérieur détecteur mouvement sécurité propriété;69.99;30
luminaire;suspension métal doré;bloomingville;suspension métal doré éclairage chic sophistiqué salon;89.99;12
ampoule;ampoule led rétro edison e27 6w;vintage edison;ampoule led rétro edison filament ambiance vintage;14.99;60
luminaire;plafonnier led encastrable carré 15w;briloner;plafonnier led encastrable carré 15w éclairage moderne discret;24.99;35
luminaire;applique murale led extérieure;ranex;applique murale led extérieure acier inoxydable éclairage sécurisé durable;19.99;40
luminaire;suspension rotin tressé;redoute;suspension rotin tressé touche naturelle décoration intérieure;59.99;20
ampoule;ampoule led globe g125 8w;philips;ampoule led globe g125 8w éclairage décoratif économe énergie;12.99;70
luminaire;spots encastrables led orientables;bklicht;lot 6 spots encastrables led orientables éclairage moderne ajustable;59.99;15
luminaire;lampe table bois métal;tomons;lampe table bois métal design scandinave ambiance chaleureuse;39.99;25
luminaire;ruban led rgbw 5m contrôleur;philips hue;ruban led rgbw 5 mètres contrôleur éclairage ambiance connecté;89.99;10
luminaire;spot led encastrable carré 6w;philips;spot led encastrable carré 6w éclairage moderne discret;9.99;60
luminaire;suspension métal noir mat;eglo;suspension métal noir mat éclairage élégant minimaliste;69.99;15
ampoule;ampoule led flamme e27 3w;philips;ampoule led flamme e27 3w éclairage décoratif économique;5.99;90
luminaire;plafonnier led encastrable rond 18w;briloner;plafonnier led encastrable rond 18w éclairage uniforme moderne;29.99;40
luminaire;applique murale led design;eglo;applique murale led design contemporain éclairage élégant intérieur;49.99;20
ampoule;lot 3 ampoules led gu53 6w;osram;lot 3 ampoules led gu53 6w éclairage directionnel économe énergie;12.99;80
luminaire;luminaire suspension laiton;hk living;luminaire suspension laiton touche vintage décoration intérieure;179.99;8
ampoule;ampoule led spot gu53 7w;philips;ampoule led spot gu53 7w éclairage directionnel économe énergie;9.99;100
luminaire;plafonnier led design 3 spots;trio;plafonnier led design 3 spots orientables éclairage personnalisé;79.99;15
luminaire;lampe chevet led tactile;aukey;lampe chevet led tactile variateur intensité mode couleur;19.99;50
luminaire;ruban led blanc chaud 5m;philips;ruban led blanc chaud 5 mètres éclairage discret chaleureux;34.99;25
luminaire;projecteur led extérieur détecteur;steinel;projecteur led extérieur détecteur mouvement sécurité propriété;69.99;30
luminaire;suspension métal doré;bloomingville;suspension métal doré éclairage chic sophistiqué salon;89.99;12
ampoule;ampoule led rétro edison e27 6w;vintage edison;ampoule led rétro edison filament ambiance vintage;14.99;60
luminaire;plafonnier led encastrable carré 15w;briloner;plafonnier led encastrable carré 15w éclairage moderne discret;24.99;35
luminaire;applique murale led extérieure;ranex;applique murale led extérieure acier inoxydable éclairage sécurisé durable;19.99;40
luminaire;suspension rotin tressé;redoute;suspension rotin tressé touche naturelle décoration intérieure;59.99;20
ampoule;ampoule led globe g125 8w;philips;ampoule led globe g125 8w éclairage décoratif économe énergie;12.99;70
luminaire;spots encastrables led orientables;bklicht;lot 6 spots encastrables led orientables éclairage moderne ajustable;59.99;15
luminaire;lampe table bois métal;tomons;lampe table bois métal design scandinave ambiance chaleureuse;39.99;25
luminaire;ruban led rgbw 5m contrôleur;philips hue;ruban led rgbw 5 mètres contrôleur éclairage ambiance connecté;89.99;10
luminaire;spot led encastrable carré 6w;philips;spot led encastrable carré 6w éclairage moderne discret;9.99;60
luminaire;suspension métal noir mat;eglo;suspension métal noir mat éclairage élégant minimaliste;69.99;15
ampoule;ampoule led flamme e27 3w;philips;ampoule led flamme e27 3w éclairage décoratif économique;5.99;90
luminaire;plafonnier led encastrable rond 18w;briloner;plafonnier led encastrable rond 18w éclairage uniforme moderne;29.99;40
luminaire;applique murale led design;eglo;applique murale led design contemporain éclairage élégant intérieur;49.99;20
ampoule;lot 3 ampoules led gu53 6w;osram;lot 3 ampoules led gu53 6w éclairage directionnel économe énergie;12.99;80
luminaire;luminaire suspension laiton;hk living;luminaire suspension laiton touche vintage décoration intérieure;179.99;8
ampoule;ampoule led spot gu53 7w;philips;ampoule led spot gu53 7w éclairage directionnel économe énergie;9.99;100
