prenoms;nombre;sexe;annee
Aaron;55;M;2004
Abdallah;7;M;2004
Abdellah;6;M;2004
Abdoulaye;15;M;2004
Abel;14;M;2004
Abigaël;6;F;2004
Aboubacar;8;M;2004
Aboubakar;6;M;2004
Achille;29;M;2004
Adam;169;M;2004
Adama;18;M;2004
Adel;12;M;2004
Adèle;67;F;2004
Adelie;15;F;2004
Adeline;6;F;2004
Adem;13;M;2004
Adil;6;M;2004
Adrian;12;M;2004
Adriana;8;F;2004
Adrien;138;M;2004
Agathe;72;F;2004
Agnès;11;F;2004
Ahmed;33;M;2004
Aïcha;22;F;2004
Aïssata;8;F;2004
Aïssatou;15;F;2004
Alan;15;M;2004
Alban;13;M;2004
Albane;16;F;2004
Albert;6;M;2004
Alec;7;M;2004
Alex;44;M;2004
Alexander;10;M;2004
Alexandra;60;F;2004
Alexandre;319;M;2004
Alexane;6;F;2004
Alexia;29;F;2004
Alexis;149;M;2004
Ali;33;M;2004
Alia;10;F;2004
Alice;193;F;2004
Alicia;54;F;2004
Alienor;24;F;2004
Aline;12;F;2004
Alissa;6;F;2004
Alix;80;F;2004
Allan;15;M;2004
Alma;19;F;2004
Alya;10;F;2004
Alyssa;14;F;2004
Amadou;12;M;2004
Amandine;30;F;2004
Amara;6;M;2004
Amaury;36;M;2004
Ambre;74;F;2004
Ambroise;11;M;2004
Amel;13;F;2004
Amelia;6;F;2004
Amelie;39;F;2004
Amina;23;F;2004
Aminata;41;F;2004
Amine;50;M;2004
Amir;22;M;2004
Amira;18;F;2004
Amy;8;F;2004
Ana;24;F;2004
Anae;8;F;2004
Anaël;6;F;2004
Anaelle;7;F;2004
Anaëlle;38;F;2004
Anaïs;137;F;2004
Anas;13;M;2004
Anastasia;24;F;2004
Anatole;31;M;2004
Andre;13;M;2004
Andrea;33;F;2004
Andrea;20;F;2004
Andy;19;M;2004
Ange;15;M;2004
Angela;9;F;2004
Angèle;29;F;2004
Angelina;8;F;2004
Angelina;7;F;2004
Angelique;13;F;2004
Angelo;9;M;2004
Ania;7;F;2004
Anis;33;M;2004
Anissa;21;F;2004
Anna;117;F;2004
Annabelle;14;F;2004
Anne;10;F;2004
Anouk;48;F;2004
Anthony;41;M;2004
Antoine;248;M;2004
Anton;16;M;2004
Antonin;46;M;2004
Antony;11;M;2004
Anya;7;F;2004
Apolline;60;F;2004
Appoline;7;F;2004
Ari;7;M;2004
Ariane;28;F;2004
Ariel;13;M;2004
Aris;6;M;2004
Armand;28;M;2004
Arnaud;38;M;2004
Arsène;10;M;2004
Arthur;203;M;2004
Arthus;9;M;2004
Ashley;12;F;2004
Asma;7;F;2004
Assa;10;F;2004
Assia;20;F;2004
Astrid;29;F;2004
Athena;6;F;2004
Aubin;7;M;2004
Aude;15;F;2004
Audrey;31;F;2004
Auguste;8;M;2004
Augustin;73;M;2004
Aurèle;9;M;2004
Aurelia;7;F;2004
Aurelie;16;F;2004
Aurelien;63;M;2004
Auriane;14;F;2004
Aurore;17;F;2004
Ava;17;F;2004
Avi;7;M;2004
Awa;19;F;2004
Axel;100;M;2004
Axelle;27;F;2004
Aya;32;F;2004
Ayman;9;M;2004
Aymane;6;M;2004
Aymen;7;M;2004
Aymeric;22;M;2004
Ayoub;23;M;2004
Bahia;6;F;2004
Balthazar;15;M;2004
Baptiste;132;M;2004
Barbara;12;F;2004
Basile;48;M;2004
Bastien;29;M;2004
Ben;7;M;2004
Benjamin;118;M;2004
Benoit;6;M;2004
Benoît;17;M;2004
Berenice;22;F;2004
Bertille;13;F;2004
Bettina;9;F;2004
Betty;6;F;2004
Bianca;7;F;2004
Bilal;21;M;2004
Bilel;10;M;2004
Binta;15;F;2004
Bintou;11;F;2004
Blanche;37;F;2004
Blandine;19;F;2004
Boris;7;M;2004
Boubacar;8;M;2004
Boubou;6;M;2004
Brahim;7;M;2004
Brandon;16;M;2004
Brayan;6;M;2004
Briac;8;M;2004
Brian;11;M;2004
Brice;14;M;2004
Brieuc;11;M;2004
Brune;6;F;2004
Bruno;20;M;2004
Bryan;20;M;2004
Calvin;6;M;2004
Camelia;18;F;2004
Camelia;6;F;2004
Camil;7;M;2004
Camille;275;F;2004
Candice;42;F;2004
Capucine;82;F;2004
Carl;6;M;2004
Carla;84;F;2004
Carmen;7;F;2004
Caroline;29;F;2004
Cassandra;25;F;2004
Cassandre;17;F;2004
Catherine;13;F;2004
Cecile;36;F;2004
Cecilia;14;F;2004
Cedric;21;M;2004
Celeste;25;F;2004
Celia;54;F;2004
Celian;9;M;2004
Celine;39;F;2004
Cesar;23;M;2004
Chaï;7;M;2004
Chaïma;9;F;2004
Chanel;6;F;2004
Charlène;6;F;2004
Charles;98;M;2004
Charlie;12;F;2004
Charline;10;F;2004
Charlotte;130;F;2004
Cheick;8;M;2004
Cheikh;10;M;2004
Chelsea;6;F;2004
Chiara;51;F;2004
Chirine;7;F;2004
Chloe;184;F;2004
Chris;9;M;2004
Christelle;11;F;2004
Christian;12;M;2004
Christina;8;F;2004
Christine;18;F;2004
Christophe;18;M;2004
Christopher;7;M;2004
Cindy;7;F;2004
Claire;52;F;2004
Clara;195;F;2004
Clarisse;25;F;2004
Clemence;105;F;2004
Clement;140;M;2004
Clementine;52;F;2004
Cleo;15;F;2004
Cleophee;7;F;2004
Cloe;14;F;2004
Clothilde;6;F;2004
Clotilde;21;F;2004
Clovis;10;M;2004
Colette;6;F;2004
Colin;16;M;2004
Coline;29;F;2004
Colombe;17;F;2004
Côme;45;M;2004
Constance;51;F;2004
Constantin;12;M;2004
Coralie;9;F;2004
Corentin;44;M;2004
Corto;7;M;2004
Cyprien;26;M;2004
Cyriaque;6;M;2004
Cyrielle;7;F;2004
Cyril;14;M;2004
Damien;30;M;2004
Dan;18;M;2004
Dana;6;F;2004
Daniel;34;M;2004
Dany;10;M;2004
Daouda;9;M;2004
Daphne;39;F;2004
Daria;6;F;2004
Darius;7;M;2004
David;87;M;2004
Deborah;10;F;2004
Delphine;10;F;2004
Diana;11;F;2004
Diane;51;F;2004
Diego;27;M;2004
Dimitri;29;M;2004
Dina;10;F;2004
Djeneba;6;F;2004
Djeneba;9;F;2004
Djibril;22;M;2004
Domitille;19;F;2004
Dora;8;F;2004
Dorian;39;M;2004
Doriane;6;F;2004
Dounia;19;F;2004
Dylan;67;M;2004
Eddy;7;M;2004
Eden;37;F;2004
Edgar;23;M;2004
Edouard;42;M;2004
Eglantine;9;F;2004
Elea;19;F;2004
Elena;6;F;2004
Elena;23;F;2004
Eleonore;9;F;2004
Eleonore;64;F;2004
Elia;16;F;2004
Eliane;6;F;2004
Elias;57;M;2004
Elie;35;M;2004
Elijah;7;M;2004
Eline;7;F;2004
Elio;6;M;2004
Eliot;37;M;2004
Eliott;52;M;2004
Elisa;88;F;2004
Elisabeth;20;F;2004
Elise;8;F;2004
Elise;62;F;2004
Ella;20;F;2004
Elliot;24;M;2004
Elliott;8;M;2004
Eloane;8;F;2004
Elodie;57;F;2004
Eloi;22;M;2004
Eloïse;43;F;2004
Elona;7;F;2004
Elouan;15;M;2004
Elsa;62;F;2004
Elvire;11;F;2004
Elya;6;F;2004
Elyes;15;M;2004
Ema;14;F;2004
Emeline;9;F;2004
Emile;36;M;2004
Emilie;8;F;2004
Emilie;102;F;2004
Emilien;9;M;2004
Emily;13;F;2004
Emma;265;F;2004
Emmanuel;37;M;2004
Emmanuelle;19;F;2004
Emmy;10;F;2004
Emy;6;F;2004
Enguerrand;7;M;2004
Enora;18;F;2004
Enzo;180;M;2004
Eric;21;M;2004
Erin;9;F;2004
Ernest;8;M;2004
Erwan;49;M;2004
Erwann;11;M;2004
Esteban;7;M;2004
Esteban;34;M;2004
Estelle;30;F;2004
Esther;35;F;2004
Ethan;102;M;2004
Ethel;7;F;2004
Etienne;43;M;2004
Eugène;7;M;2004
Eugenie;32;F;2004
Eulalie;7;F;2004
Eva;139;F;2004
Evan;28;M;2004
Evann;14;M;2004
Eve;31;F;2004
Ewan;11;M;2004
Ewen;13;M;2004
Eyal;12;M;2004
Eytan;7;M;2004
Fabien;16;M;2004
Fabio;8;M;2004
Fabrice;7;M;2004
Fanny;24;F;2004
Fanta;17;F;2004
Farah;17;F;2004
Fares;7;M;2004
Farès;11;M;2004
Fatima;15;F;2004
Fatou;16;F;2004
Fatoumata;56;F;2004
Faustine;21;F;2004
Felicie;8;F;2004
Felix;59;M;2004
Ferdinand;16;M;2004
Filipe;6;M;2004
Fiona;9;F;2004
Flavie;16;F;2004
Flavio;7;M;2004
Fleur;19;F;2004
Flora;24;F;2004
Flore;12;F;2004
Florence;6;F;2004
Florent;18;M;2004
Florian;52;M;2004
Franck;17;M;2004
François;34;M;2004
Frederic;11;M;2004
Gabin;23;M;2004
Gabriel;252;M;2004
Gabriella;6;F;2004
Gabrielle;51;F;2004
Gad;6;M;2004
Gaël;18;M;2004
Gaëlle;11;F;2004
Gaetan;9;M;2004
Gaëtan;17;M;2004
Gaïa;11;F;2004
Garance;47;F;2004
Gaspard;100;M;2004
Gaston;11;M;2004
Gauthier;11;M;2004
Gautier;9;M;2004
Geoffrey;7;M;2004
Georges;13;M;2004
Germain;6;M;2004
Gianni;7;M;2004
Giovanni;9;M;2004
Giulia;10;F;2004
Gloria;10;F;2004
Grace;12;F;2004
Grâce;6;F;2004
Gregoire;56;M;2004
Gregory;10;M;2004
Guilhem;7;M;2004
Guillaume;91;M;2004
Guillemette;9;F;2004
Gustave;16;M;2004
Guy;6;M;2004
Gwendoline;8;M;2004
Hadrien;40;M;2004
Hajar;10;F;2004
Hakim;7;M;2004
Halima;6;F;2004
Hamza;23;M;2004
Hana;8;F;2004
Hanna;17;F;2004
Hannah;14;F;2004
Harold;6;M;2004
Harry;6;M;2004
Hasna;6;F;2004
Hawa;15;F;2004
Hector;28;M;2004
Helèna;6;F;2004
Helène;35;F;2004
Heloïse;66;F;2004
Henri;31;M;2004
Henry;6;M;2004
Hermine;8;F;2004
Hippolyte;35;M;2004
Hortense;22;F;2004
Hugo;210;M;2004
Hugues;12;M;2004
Ian;6;M;2004
Iban;6;M;2004
Ibrahim;33;M;2004
Ibrahima;19;M;2004
Idris;6;M;2004
Idriss;13;M;2004
Igor;10;M;2004
Ilan;41;M;2004
Ilana;17;F;2004
Ilian;23;M;2004
Ilias;15;M;2004
Ilies;12;M;2004
Ilona;31;F;2004
Ilyas;8;M;2004
Ilyass;6;M;2004
Ilyes;20;M;2004
Ilyès;10;M;2004
Iman;15;F;2004
Imane;33;F;2004
Imen;10;F;2004
Imène;6;F;2004
Ines;10;F;2004
Ines;29;F;2004
Inès;268;F;2004
Irène;23;F;2004
Irina;10;F;2004
Iris;46;F;2004
Isaac;21;M;2004
Isabelle;15;F;2004
Isaure;19;F;2004
Ismaël;26;M;2004
Issa;23;M;2004
Ivan;17;M;2004
Jacques;14;M;2004
Jad;11;M;2004
Jade;139;F;2004
James;7;M;2004
Jana;8;F;2004
Janna;9;F;2004
Jarod;8;M;2004
Jasmine;20;F;2004
Jason;12;M;2004
Jawad;6;M;2004
Jean;70;M;2004
Jean-Baptiste;23;M;2004
Jean-Marc;7;M;2004
Jeanne;156;F;2004
Jennifer;10;F;2004
Jeremie;21;M;2004
Jeremy;34;M;2004
Jerôme;8;M;2004
Jessica;29;F;2004
Joachim;13;M;2004
Joana;16;F;2004
Joël;8;M;2004
Joey;6;M;2004
Johan;12;M;2004
Johann;8;M;2004
Johanna;11;F;2004
John;10;M;2004
Jonas;19;M;2004
Jonathan;39;M;2004
Jordan;11;M;2004
Joris;12;M;2004
Joseph;78;M;2004
Josephine;52;F;2004
Josh;6;M;2004
Joshua;26;M;2004
Judith;17;F;2004
Jules;187;M;2004
Julia;85;F;2004
Julian;15;M;2004
Julie;119;F;2004
Julien;156;M;2004
Juliette;170;F;2004
Justin;12;M;2004
Justine;70;F;2004
Kadiatou;9;F;2004
Kadidia;7;F;2004
Kadidiatou;6;F;2004
Kaïs;14;M;2004
Kamel;7;M;2004
Karim;19;M;2004
Karine;8;F;2004
Karl;10;M;2004
Katia;8;F;2004
Kelly;18;F;2004
Kenny;9;M;2004
Kenza;35;F;2004
Keren;11;F;2004
Kevin;25;M;2004
Kevin;58;M;2004
Khadija;6;F;2004
Khady;6;F;2004
Khalil;6;M;2004
Kiara;10;F;2004
Kilian;11;M;2004
Killian;32;M;2004
Kylian;25;M;2004
Kyllian;10;M;2004
Laetitia;23;F;2004
Laëtitia;10;F;2004
Lamine;6;M;2004
Lana;26;F;2004
Lara;28;F;2004
Lassana;7;M;2004
Latifa;6;F;2004
Laura;119;F;2004
Laure;21;F;2004
Lauren;9;F;2004
Laurent;18;M;2004
Lauriane;7;F;2004
Laurine;11;F;2004
Lazare;7;M;2004
Lea;195;F;2004
Leana;6;F;2004
Leandre;8;M;2004
Leane;16;F;2004
Leïla;10;F;2004
Lena;56;F;2004
Lena;19;F;2004
Leni;7;F;2004
Lenny;40;M;2004
Leo;136;M;2004
Leo;8;M;2004
Leon;26;M;2004
Leonard;39;M;2004
Leonie;26;F;2004
Leonore;8;F;2004
Leopold;20;M;2004
Leopoldine;9;F;2004
Leslie;9;F;2004
Lia;9;F;2004
Liam;21;M;2004
Lila;33;F;2004
Lilas;10;F;2004
Lili;22;F;2004
Lilia;20;F;2004
Lilian;16;M;2004
Liliane;10;F;2004
Lilou;28;F;2004
Lily;16;F;2004
Lina;91;F;2004
Linda;18;F;2004
Line;8;F;2004
Lino;9;M;2004
Lior;7;M;2004
Liora;11;F;2004
Lirone;6;M;2004
Lisa;112;F;2004
Lise;42;F;2004
Lison;13;F;2004
Liza;6;F;2004
Loan;7;M;2004
Loane;7;F;2004
Logan;10;M;2004
Loïc;34;M;2004
Loïs;11;M;2004
Lola;73;F;2004
Lorenzo;32;M;2004
Loris;9;M;2004
Lou;133;F;2004
Louane;7;F;2004
Lou-Ann;17;F;2004
Lou-Anne;16;F;2004
Loubna;6;F;2004
Louis;237;M;2004
Louisa;15;F;2004
Louise;206;F;2004
Louison;17;F;2004
Louka;6;M;2004
Louna;29;F;2004
Luc;28;M;2004
Luca;25;M;2004
Lucas;189;M;2004
Luce;6;F;2004
Lucia;7;F;2004
Lucie;155;F;2004
Lucien;43;M;2004
Lucile;41;F;2004
Lucille;12;F;2004
Lucy;8;F;2004
Ludivine;28;F;2004
Ludovic;18;M;2004
Luka;19;M;2004
Lukas;24;M;2004
Luna;39;F;2004
Lydia;16;F;2004
Lylia;7;F;2004
Lyna;25;F;2004
Madeleine;28;F;2004
Mae;10;F;2004
Maël;44;M;2004
Maëlie;7;F;2004
Maëlle;41;F;2004
Maëlys;40;F;2004
Maeva;13;F;2004
Maeva;18;F;2004
Maëva;11;F;2004
Mahamadou;14;M;2004
Mahaut;9;F;2004
Mahe;6;M;2004
Maïa;20;F;2004
Maïlys;17;F;2004
Maïmouna;13;F;2004
Maïssa;9;F;2004
Maïwenn;12;F;2004
Makan;9;M;2004
Malek;8;F;2004
Malick;7;M;2004
Malik;7;M;2004
Malo;31;M;2004
Mamadou;45;M;2004
Manal;7;F;2004
Manel;16;F;2004
Manon;173;F;2004
Manuel;6;M;2004
Marc;36;M;2004
Marc-Antoine;7;M;2004
Marceau;12;M;2004
Marco;12;M;2004
Marcus;13;M;2004
Margaux;74;F;2004
Margot;95;F;2004
Marguerite;34;F;2004
Maria;21;F;2004
Mariam;43;F;2004
Mariama;13;F;2004
Mariame;14;F;2004
Marianne;16;F;2004
Marie;204;F;2004
Marilou;15;F;2004
Marin;27;M;2004
Marina;15;F;2004
Marine;64;F;2004
Marion;42;F;2004
Marius;54;M;2004
Marko;10;M;2004
Marthe;7;F;2004
Martin;118;M;2004
Marvin;10;M;2004
Marwa;11;F;2004
Marwan;11;M;2004
Marwane;8;M;2004
Maryam;12;F;2004
Mateo;25;M;2004
Mateo;14;M;2004
Matheo;38;M;2004
Mathias;49;M;2004
Mathieu;84;M;2004
Mathilde;143;F;2004
Mathis;142;M;2004
Mathurin;10;M;2004
Mathys;18;M;2004
Matias;10;M;2004
Matis;12;M;2004
Matisse;9;M;2004
Matteo;79;M;2004
Matteo;45;M;2004
Matthias;20;M;2004
Matthieu;91;M;2004
Maud;30;F;2004
Maude;9;F;2004
Max;48;M;2004
Maxence;97;M;2004
Maxim;8;M;2004
Maxime;223;M;2004
Maximilien;35;M;2004
Maya;41;F;2004
Mayeul;7;M;2004
Maylis;18;F;2004
Mayssa;8;F;2004
Mehdi;61;M;2004
Melanie;33;F;2004
Melchior;9;M;2004
Melina;13;F;2004
Meline;6;F;2004
Melissa;41;F;2004
Melissa;15;F;2004
Melodie;9;F;2004
Melvil;7;M;2004
Melvin;14;M;2004
Merlin;11;M;2004
Mia;15;F;2004
Michaël;9;M;2004
Michel;11;M;2004
Mickaël;18;M;2004
Miguel;12;M;2004
Mila;18;F;2004
Milan;17;M;2004
Milla;11;F;2004
Milo;31;M;2004
Mina;15;F;2004
Mohamed;150;M;2004
Mohamed-Ali;7;M;2004
Mohamed-Amine;7;M;2004
Mohammed;18;M;2004
Moïse;7;M;2004
Mona;22;F;2004
Morgan;6;M;2004
Morgane;48;F;2004
Mory;6;M;2004
Moussa;37;M;2004
Moustapha;9;M;2004
Myriam;49;F;2004
Nabil;9;M;2004
Nada;12;F;2004
Nadia;7;F;2004
Nadine;10;F;2004
Nadir;11;M;2004
Nael;6;M;2004
Naël;14;M;2004
Naïla;7;F;2004
Naïm;9;M;2004
Naomi;28;F;2004
Naomie;19;F;2004
Nassim;27;M;2004
Natacha;14;F;2004
Natalia;6;F;2004
Nathalie;10;F;2004
Nathan;158;M;2004
Nathanaël;17;M;2004
Nawel;13;F;2004
Naya;6;F;2004
Nayla;6;F;2004
Neil;10;M;2004
Nell;11;F;2004
Nelly;8;F;2004
Nelson;9;M;2004
Nesrine;6;F;2004
Nicolas;163;M;2004
Nicole;7;F;2004
Niels;15;M;2004
Nikita;6;M;2004
Nikola;10;M;2004
Nils;32;M;2004
Nina;94;F;2004
Nine;7;F;2004
Nino;20;M;2004
Ninon;29;F;2004
Niouma;6;F;2004
Nizar;7;M;2004
Noa;72;F;2004
Noah;80;M;2004
Noam;38;M;2004
Noe;96;M;2004
Noemie;78;F;2004
Noha;7;X;2004
Nolan;24;M;2004
Noor;11;F;2004
Nora;12;F;2004
Norah;7;F;2004
Nour;29;F;2004
Oceane;81;F;2004
Octave;17;M;2004
Odelia;6;F;2004
Olga;10;F;2004
Olivia;28;F;2004
Olivier;34;M;2004
Olympe;6;F;2004
Omar;24;M;2004
Ombeline;9;F;2004
Ophelie;11;F;2004
Oren;6;M;2004
Oriane;21;F;2004
Orlane;10;F;2004
Ornella;14;F;2004
Oscar;83;M;2004
Oumar;14;M;2004
Oumou;14;F;2004
Ousmane;12;M;2004
Oussama;6;M;2004
Owen;16;M;2004
Pablo;40;M;2004
Paco;6;M;2004
Paloma;24;F;2004
Paola;10;F;2004
Paolo;14;M;2004
Pascal;11;M;2004
Patricia;6;F;2004
Patrick;10;M;2004
Paul;294;M;2004
Paula;7;F;2004
Paul-Antoine;7;M;2004
Paulin;8;M;2004
Pauline;122;F;2004
Penelope;20;F;2004
Perle;6;F;2004
Perrine;13;F;2004
Philippe;22;M;2004
Philippine;26;F;2004
Philomène;12;F;2004
Pia;16;F;2004
Pierre;133;M;2004
Pierre-Antoine;7;M;2004
Pierre-Louis;13;M;2004
Priscille;9;F;2004
Prune;16;F;2004
Quentin;125;M;2004
Rachel;33;F;2004
Rafael;17;M;2004
Rafaël;7;M;2004
Rahma;8;F;2004
Rami;6;M;2004
Ramy;6;M;2004
Rania;28;F;2004
Raphael;11;M;2004
Raphaël;280;M;2004
Raphaëlle;23;F;2004
Rayan;140;M;2004
Rayane;57;M;2004
Rebecca;21;F;2004
Reda;6;M;2004
Remi;36;M;2004
Remy;13;M;2004
Richard;10;M;2004
Rim;9;F;2004
Robin;52;M;2004
Robinson;9;M;2004
Rodrigue;7;M;2004
Romain;133;M;2004
Roman;32;M;2004
Romane;98;F;2004
Romeo;25;M;2004
Romy;9;F;2004
Ronan;10;M;2004
Rosalie;22;F;2004
Rose;51;F;2004
Roxane;35;F;2004
Roxanne;9;F;2004
Ruben;61;M;2004
Rudy;7;M;2004
Ryad;10;M;2004
Ryan;41;M;2004
Sabri;7;M;2004
Sabrina;31;F;2004
Sabrine;13;F;2004
Sacha;136;M;2004
Sadio;6;F;2004
Safa;6;F;2004
Saïd;7;M;2004
Salim;9;M;2004
Salimata;9;F;2004
Salma;28;F;2004
Salome;78;F;2004
Sam;15;M;2004
Samantha;9;F;2004
Samba;11;M;2004
Sami;33;M;2004
Samir;7;M;2004
Samuel;96;M;2004
Samy;46;M;2004
Sana;7;F;2004
Sandra;14;F;2004
Sara;57;F;2004
Sarah;204;F;2004
Sasha;43;F;2004
Satine;6;F;2004
Scott;8;M;2004
Sebastian;6;M;2004
Sebastien;26;M;2004
Sekou;8;M;2004
Selma;20;F;2004
Serena;7;F;2004
Seydou;8;M;2004
Shaï;9;M;2004
Shana;31;F;2004
Sharon;6;F;2004
Sherine;10;F;2004
Shirel;59;F;2004
Sibylle;9;F;2004
Sidonie;19;F;2004
Simeon;7;M;2004
Simon;109;M;2004
Sirine;18;F;2004
Sixtine;35;F;2004
Skander;7;M;2004
Sofia;58;F;2004
Sofiane;35;M;2004
Sohane;7;F;2004
Solal;34;M;2004
Solène;47;F;2004
Solenn;6;F;2004
Soline;8;F;2004
Solveig;6;F;2004
Sonia;23;F;2004
Sophia;28;F;2004
Sophie;47;F;2004
Soraya;9;F;2004
Souleymane;17;M;2004
Stanislas;49;M;2004
Steeve;9;M;2004
Stefan;9;M;2004
Stella;42;F;2004
Stephane;18;M;2004
Stephanie;9;F;2004
Steven;18;M;2004
Suzanne;29;F;2004
Swann;17;M;2004
Sylvain;6;M;2004
Sylvia;6;F;2004
Sylvie;8;F;2004
Syrine;14;F;2004
Talia;18;F;2004
Tancrède;9;M;2004
Tanguy;17;M;2004
Tania;14;F;2004
Tao;6;M;2004
Tara;12;F;2004
Tatiana;15;F;2004
Teddy;7;M;2004
Teo;12;M;2004
Terence;6;M;2004
Tess;25;F;2004
Tessa;7;F;2004
Thaïs;24;F;2004
Thea;11;F;2004
Thelma;13;F;2004
Theo;128;M;2004
Theodore;23;M;2004
Theophile;34;M;2004
Thibaud;13;M;2004
Thibault;52;M;2004
Thibaut;18;M;2004
Thierry;11;M;2004
Thomas;286;M;2004
Tiago;13;M;2004
Tiffany;9;F;2004
Tim;6;M;2004
Timeo;9;M;2004
Timothe;12;M;2004
Timothee;70;M;2004
Tiphaine;24;F;2004
Titouan;46;M;2004
Tom;102;M;2004
Tony;15;M;2004
Toscane;15;F;2004
Tristan;76;M;2004
Ugo;18;M;2004
Ulysse;45;M;2004
Vadim;15;M;2004
Valentin;90;M;2004
Valentina;12;F;2004
Valentine;75;F;2004
Vanessa;17;F;2004
Vianney;12;M;2004
Victoire;70;F;2004
Victor;226;M;2004
Victoria;76;F;2004
Viktor;6;M;2004
Vincent;69;M;2004
Violette;40;F;2004
Virgil;6;M;2004
Virgile;20;M;2004
Virginie;8;F;2004
Viviane;12;F;2004
Vladimir;6;M;2004
Walid;17;M;2004
Wandrille;6;M;2004
Warren;6;M;2004
Wassim;19;M;2004
Wendy;6;F;2004
Wilfried;6;M;2004
William;66;M;2004
Wilson;7;M;2004
Xavier;19;M;2004
Yacine;44;M;2004
Yaël;11;F;2004
Yani;8;M;2004
Yanis;126;M;2004
Yann;56;M;2004
Yanni;6;M;2004
Yannick;9;M;2004
Yannis;15;M;2004
Yaron;7;M;2004
